地铁站名称,美食标题,美食网址,单次,包时,包夜
国贸,京伦饭店·早茶点心,https://www.dianping.com/shop/k6ZxW1Pqme0OafBI,28,15,60
国贸,海底捞火锅(国贸店),https://www.dianping.com/shop/H9zQrYbCpLm3nRxK,,45,128
国贸,Manner Coffee(建外SOHO店),https://www.xiaohongshu.com/explore/65012ab4000000001a03c9f7,22,,
大望路,小大董烤鸭(大望路店),https://www.dianping.com/shop/aQ1wEr3Ty5Ui7oP9,65,,158
大望路,便利蜂鲜食(华贸店),https://www.meituan.com/s/bianlifeng-huamao,18,,
永安里,老舍茶馆(永安里),https://www.dianping.com/shop/b2C3d4E5f6G7h8I9,48,30,
建国门,静一饺子馆(建国门店),https://www.dianping.com/shop/j1K2l3M4n5O6p7Q8,26,12,55
建国门,星巴克(北京站店),https://www.xiaohongshu.com/explore/64b7c2f1000000001f03ab12,35,,
双井,将太无二(双井店),https://www.dianping.com/shop/r9S0t1U2v3W4x5Y6,88,52,168
双井,庆丰包子铺(双井店),https://www.meituan.com/s/qingfeng-shuangjing,16,9,42
团结湖,vn粉面馆(三里屯东),https://www.dianping.com/shop/z7A8b9C0d1E2f3G4,55,28,
惠新西街南口,日坛铜锅涮肉,https://www.dianping.com/shop/h5I6j7K8l9M0n1O2,92,,175
南锣鼓巷,文宇奶酪店,https://www.xiaohongshu.com/explore/65f3a1c2000000000700ab12,18,,
南锣鼓巷,方砖厂69号炸酱面,https://www.dianping.com/shop/p3Q4r5S6t7U8v9W0,32,20,68
宋家庄,聚宝源涮肉(宋家庄店),https://www.dianping.com/shop/x1Y2z3A4b5C6d7E8,110,60,199
公主坟,京味斋(公主坟店),https://www.dianping.com/shop/f9G0h1I2j3K4l5M6,58,33,
五道口,西部马华牛肉面,https://www.dianping.com/shop/n7O8p9Q0r1S2t3U4,45,22,80
中关村,海底捞(中关村店),https://www.meituan.com/s/haidilao-zhongguancun,,,132
西单,花家怡园(西单店),https://www.dianping.com/shop/v5W6x7Y8z9A0b1C2,86,40,165
四惠东站,嘉和一品早餐(四惠东),https://www.dianping.com/shop/d3E4f5G6h7I8j9K0,21,,
